Name,Rating,Review,Clean_Review,Polarity,Sentiment,Review_Length
Rishabh  Jha,5.0,Awesome üî•üî•‚ò∫Ô∏è,awesome,1.0,Positive,12
Akshay Meena,5.0,"So beautiful, so elegant, just a vowwwüòç‚ù§Ô∏è",so beautiful so elegant just a vowww,0.675,Positive,41
Arunji Govindaraju,5.0,"Awesome product very happy to hold this. Better In hand feel,matte finish.Good camera, Brighter screen with Dynamic Island, USB-C, great battery life.60Hz display is a dealbreaker for some.Its not much noticeable.Thank u Flipkart for the best deal and quick delivery.",awesome product very happy to hold this better in hand feelmatte finishgood camera brighter screen with dynamic island usbc great battery lifehz display is a dealbreaker for someits not much noticeablethank u flipkart for the best deal and quick delivery,0.5666666666666665,Positive,267
Neeraj  Chouhan,5.0,Amezing  camera and all over best phoneüëå,amezing camera and all over best phone,1.0,Positive,40
Nikhil Kumar,5.0,Switch from OnePlus to iPhone I am stunned with camera performance. Everything is perfect on  iPhone 15.,switch from oneplus to iphone i am stunned with camera performance everything is perfect on iphone,1.0,Positive,104
Mousam  Guha Roy,4.0,Very nice,very nice,0.78,Positive,9
Flipkart Customer,5.0,Awesome photography experience. Battery backup is good . Display is much better than 14 version.,awesome photography experience battery backup is good display is much better than version,0.7333333333333334,Positive,96
Ajin V,5.0,High quality cameraüòç,high quality camera,0.16,Positive,20
Thakur Surya Pratap Singh,5.0,Awesome üòé,awesome,1.0,Positive,9
Prithivi Boruah,5.0,Camera Quality Is Improved Loving It,camera quality is improved loving it,0.6,Positive,36
Saurabh Gothwad,5.0,Simply premium.,simply premium,0.0,Negative,15
bijaya mohanty,5.0,Just go for it.Amazing one.Beautiful camera with super fast processor,just go for itamazing onebeautiful camera with super fast processor,0.26666666666666666,Positive,69
Kriti Customer,5.0,"Just loved the product , colour , design is wow and camera is amazing , just clicked first picture of my grandmother üëµüèª  in portrait mode and results r here in front of you guys üòçüòò",just loved the product colour design is wow and camera is amazing just clicked first picture of my grandmother in portrait mode and results r here in front of you guys,0.4125,Positive,180
Talim (sk),5.0,I love this phone. The camera is amazing: its I am so happy,i love this phone the camera is amazing its i am so happy,0.6333333333333334,Positive,59
Sheetla Prasad Maurya,4.0,Best mobile phoneCamera quality is very niceBattery backup is very goodSound quality is amazing.,best mobile phonecamera quality is very nicebattery backup is very goodsound quality is amazing,0.5,Positive,96
Rahul Shedge,5.0,Totally happy!Camera 5Battery 5Display 5Design 5,totally happycamera battery display design,0.0,Negative,48
mohit  yadav,5.0,Nice ‚ù§Ô∏è,nice,0.6,Positive,7
Flipkart Customer,5.0,Using this Iphone 15 from 1month and it has best Camera,using this iphone from month and it has best camera,1.0,Positive,55
AYUSH singh,5.0,best camera and battery is also very goodIn love with dynamic IslandType-c charging is very fast.Overall best phone,best camera and battery is also very goodin love with dynamic islandtypec charging is very fastoverall best phone,0.48333333333333334,Positive,115
Sandip Mandal,5.0,Great!,great,0.8,Positive,6
Raj Singh,5.0,for me its 10 out of 10‚ú®,for me its out of,0.0,Negative,24
Flipkart Customer,4.0,Nice product,nice product,0.6,Positive,12
Kesab Pradhan,4.0,Nice photo,nice photo,0.6,Positive,10
Afzol  Hussain,5.0,Thanks Flipkart I m glad such a beautiful iPhone 15,thanks flipkart i m glad such a beautiful iphone,0.38749999999999996,Positive,51
Dev  Kumar,5.0,Camera quality top notch üëç,camera quality top notch,0.5,Positive,26
Ankit  Verma,4.0,Awesome camra quality superb camra üòä,awesome camra quality superb camra,1.0,Positive,36
VinodKUMAR VinodKUMAR,4.0,Nice phone good,nice phone good,0.6499999999999999,Positive,15
Suman Jain,5.0,Simply Awesome ü§©,simply awesome,1.0,Positive,16
Amit Biswas,5.0,A Perfect Smartphone üòç‚ù§Ô∏èüëåüëå,a perfect smartphone,1.0,Positive,26
Zeeshan Khan,5.0,Awesome quality I am very happy. Thank you Flipkart.,awesome quality i am very happy thank you flipkart,1.0,Positive,52
Khushboo Verma,5.0,Great experience,great experience,0.8,Positive,16
dr sachchidanand  pardeshi,5.0,Very good quality,very good quality,0.9099999999999999,Positive,17
Sunny  Patel,5.0,Loved it ü•∞,loved it,0.7,Positive,10
Anwar Customer,5.0,Only 90fps is needAnd best phone of the year goes to this phone,only fps is needand best phone of the year goes to this phone,0.5,Positive,63
Bhaskar Sharma,5.0,Awesome,awesome,1.0,Positive,7
SONAL PAL,5.0,Awesome phone powerful performance and battery backup are also very good no heating issue ‚ò∫Ô∏è,awesome phone powerful performance and battery backup are also very good no heating issue,0.7366666666666667,Positive,92
Praveen Kumar,5.0,This is my first iphone ever used loving it already this is worth it ü•∞,this is my first iphone ever used loving it already this is worth it,0.3833333333333333,Positive,70
Varsha Sadanand Salve,5.0,"The iPhone 15 exceeded my expectations in every way possible. The sleek design, stunning display, and lightning-fast performance make it a standout device in the smartphone market. The camera quality is unparalleled, capturing every moment with incredible detail and clarity. Plus, the battery life is impressive, easily lasting me throughout the day.With the added bonus of a great deal and discount, purchasing the iPhone 15 from Flipkart was an absolute steal.",the iphone exceeded my expectations in every way possible the sleek design stunning display and lightningfast performance make it a standout device in the smartphone market the camera quality is unparalleled capturing every moment with incredible detail and clarity plus the battery life is impressive easily lasting me throughout the daywith the added bonus of a great deal and discount purchasing the iphone from flipkart was an absolute steal,0.48571428571428577,Positive,463
Akash  Deep,5.0,Camera is just wow. All classes clicks are done at night....phone Performance is awesome.... I'm writing now again for review...it's really maintained its premium image,camera is just wow all classes clicks are done at nightphone performance is awesome im writing now again for reviewits really maintained its premium image,0.43333333333333335,Positive,168
Flipkart Customer,5.0,Best for regular usage,best for regular usage,0.5,Positive,22
Jayanta  Roy,5.0,Nice üôÇüôÇüôÇüôÇüôÇ,nice,0.6,Positive,10
Sajib Das,5.0,moving from android to apple is a surreal experience. still apple could focus on more flexibility towards the apps.,moving from android to apple is a surreal experience still apple could focus on more flexibility towards the apps,0.375,Positive,115
Flipkart Customer,5.0,Camera üî•,camera,0.0,Negative,8
Jayanth Jai,5.0,Their is nothing to explain about Apple iPhone nowadays everyone knows when ur comes to iPhone 15 is just amazing üî•,their is nothing to explain about apple iphone nowadays everyone knows when ur comes to iphone is just amazing,0.6000000000000001,Positive,115
Anubhav Chauhan,5.0,"I have recently switched from Android to ios, it does feel very strange at the beginning but now I am getting habitual to the iosIt is really very nice and feels premium. The camera is also very nice. I am fully satisfied with this purchase.",i have recently switched from android to ios it does feel very strange at the beginning but now i am getting habitual to the iosit is really very nice and feels premium the camera is also very nice i am fully satisfied with this purchase,0.399,Positive,241
SYAM SUNDER,5.0,Camera is so good,camera is so good,0.7,Positive,17
Shubhanker  Singh,5.0,Simply wow wow wow üòç‚ù§Ô∏è,simply wow wow wow,0.10000000000000002,Positive,22
ANUP SINGH GAUTAM,5.0,Absolutely gorgeous üòª,absolutely gorgeous,0.7,Positive,21
SANDEEP SOMAN,5.0,48 megapixel is litüî•Thin bessels compared to 14Lesser in weightDynamic Island works perfectlyGood battery backup ‚ö°My rating 5/5,megapixel is litthin bessels compared to lesser in weightdynamic island works perfectlygood battery backup my rating,0.0,Negative,127
Akhilesh Bepari,5.0,It's performance is super and nice camera also a ok battery backup..,its performance is super and nice camera also a ok battery backup,0.4777777777777778,Positive,68
Swarnima Customer,5.0,I recently went on a trip with a friend who has S24 ultra but somehow we ended up clicking all the pictures with my Iphone 15. The camera is that good.,i recently went on a trip with a friend who has s ultra but somehow we ended up clicking all the pictures with my iphone the camera is that good,0.35,Positive,151
Bibhu Prasad  Bisoyi,5.0,Nice Product Thanks for FlipkartCamera 10/10Battery 8/10Display 10/10,nice product thanks for flipkartcamera battery display,0.4,Positive,69
Yash saini,5.0,Battery lasted longer than my first relationship (4days). Listening to arijit singh songs on full volume since then still isn't getting over. Has more warmth than her. Unlike her there's two way communication here as touchpad is very responsive . Fingerprint unlock is nice as it only opens up to me. 5 Star for this -1 for Shivanshi,battery lasted longer than my first relationship days listening to arijit singh songs on full volume since then still isnt getting over has more warmth than her unlike her theres two way communication here as touchpad is very responsive fingerprint unlock is nice as it only opens up to me star for this for shivanshi,0.31666666666666665,Positive,333
Flipkart Customer,5.0,"This mobile is phenomenal, I like the camera most",this mobile is phenomenal i like the camera most,0.5,Positive,49
Atul Negi,5.0,It looks so good in my hand !.......WAU?,it looks so good in my hand wau,0.7,Positive,40
Feroz Basha,5.0,Loved this product ‚ù§Ô∏è‚ù§Ô∏è,loved this product,0.7,Positive,23
ABIR  MODAK,5.0,The camera quality is just awesome ..just like DSLR,the camera quality is just awesome just like dslr,1.0,Positive,51
Krishna kishor Singh,5.0,best camera phone ü•∞,best camera phone,1.0,Positive,19
CHETAN  TILWALIA,5.0,Nice üëå,nice,0.6,Positive,6
RAHUL  SEN,5.0,Such a amazing phone ü´∂üèª,such a amazing phone,0.30000000000000004,Positive,23
Preenit  Rai,5.0,Camera is good but not too good like other camera phone.Performance is good but missed 90hz display.Battery is good enough for a day use.Sound is quite awesome like no other phonesRest phone is good to go for.,camera is good but not too good like other camera phoneperformance is good but missed hz displaybattery is good enough for a day usesound is quite awesome like no other phonesrest phone is good to go for,0.4930555555555556,Positive,209
SHASHANK PATHAK,5.0,"Great Experience Flipkart I am giving 10 of 10 Camera, Sound, Screen... Transportation Mi note 9 pro Max to Iphone 15 .",great experience flipkart i am giving of camera sound screen transportation mi note pro max to iphone,0.6000000000000001,Positive,119
Sharon Lepcha,5.0,I was sceptical of online purchase but I was wrong I got what I orderedBest phone ever,i was sceptical of online purchase but i was wrong i got what i orderedbest phone ever,-0.5,Negative,86
Mohammad  Mubarak,4.0,Everything lovelyJust for the first time u wont feel much difference b/w pro and non pro model iphones.,everything lovelyjust for the first time u wont feel much difference bw pro and non pro model iphones,0.225,Positive,103
Purnendu Mondal,5.0,Switch from android to iPhoneüòçJust wow. Camera and battery backup is outstanding for daily use,switch from android to iphonejust wow camera and battery backup is outstanding for daily use,0.19999999999999998,Positive,94
Naveen S,4.0,Very nice product‚ò∫Ô∏è‚ò∫Ô∏èwe loved the phone very much,very nice productwe loved the phone very much,0.58,Positive,49
VENKATESH REDDY,5.0,SuperGood Product,supergood product,0.0,Negative,17
Kishu Kumar,5.0,Absolutely premium product..just wow,absolutely premium productjust wow,0.15000000000000002,Positive,36
Dipanjan  Saha,5.0,The photos clicked with the mobile just seems awesome and lively!!,the photos clicked with the mobile just seems awesome and lively,0.5681818181818181,Positive,66
PROSIT DAS,5.0,As Expected ü§£üòÇü´£,as expected,-0.1,Negative,15
jay singh,5.0,"Just upgraded from iphone 12 to 15 and I totally loved this 15 series.Camera:- No doubt iphones camera are best of any other smartphone, primary camera is now 48mp which gives quite sharp images, 2x in portrait mode is definitely a game changer in base varient.Battery:- 3349 mAH is quite better as compared to older versions.Performance:- Apple improve performance by introducing A-16 bionic chip, no doubt performance is on top.Display:- In display we get dynamic island which gives phone mo...",just upgraded from iphone to and i totally loved this seriescamera no doubt iphones camera are best of any other smartphone primary camera is now mp which gives quite sharp images x in portrait mode is definitely a game changer in base varientbattery mah is quite better as compared to older versionsperformance apple improve performance by introducing a bionic chip no doubt performance is on topdisplay in display we get dynamic island which gives phone mo,0.13166666666666668,Positive,496
Anish Sanjay,5.0,Really its the best and richest design üòç,really its the best and richest design,0.6,Positive,40
Mukesh Kumar,5.0,Pic Quality Awesome,pic quality awesome,1.0,Positive,19
Abhijit Kumar,5.0,A perfect n balanced phone ‚ù£Ô∏è. Was thinking of switching to ios from last two years and yeah its worth buying the black beauty üñ§.,a perfect n balanced phone was thinking of switching to ios from last two years and yeah its worth buying the black beauty,0.2833333333333333,Positive,129
Ayan Das,5.0,Light weight phone. Camera and sound is fine and performance is highly appreciable.,light weight phone camera and sound is fine and performance is highly appreciable,0.3441666666666667,Positive,83
Himanjan Bora,4.0,"Coming from an iPhone 11, the upgrade is not completely unnecessary. I can see few daily improvements which impacts me personally. The battery back up is a good upgrade. The cameras are obviously better. The Dynamic Island is alright but not something I cannot live without. Face ID works smoother.I am not into games, so no comments on that. For a regular person, this phone is more than enough. And for people with other Apple devices, this is just an awesome part of the ecosystem.",coming from an iphone the upgrade is not completely unnecessary i can see few daily improvements which impacts me personally the battery back up is a good upgrade the cameras are obviously better the dynamic island is alright but not something i cannot live without face id works smootheri am not into games so no comments on that for a regular person this phone is more than enough and for people with other apple devices this is just an awesome part of the ecosystem,0.19366883116883118,Positive,484
Dr Rohith Gurugubelli,5.0,Great for photography nd videographyEspecially inbuilt 2x zoom helps a lot which is missing in previous basic models,great for photography nd videographyespecially inbuilt x zoom helps a lot which is missing in previous basic models,0.10833333333333336,Positive,116
Nirmala Sahu,5.0,"Just ok like any other premium android phone. Sound is just fantastic and face unlock feature is more convenient than fingerprint scanner. Battery backup is more than android 5000 mah battery. This is my frist iPhone, migrated from android due to chipset heating problem in Google tensor chip and Samsung exonys processsor.",just ok like any other premium android phone sound is just fantastic and face unlock feature is more convenient than fingerprint scanner battery backup is more than android mah battery this is my frist iphone migrated from android due to chipset heating problem in google tensor chip and samsung exonys processsor,0.2928571428571428,Positive,323
Abnish  Sen,5.0,Super,super,0.3333333333333333,Positive,5
Arpan Dewanjee,4.0,Writing this review after extensive usage. Hope it helps interested buyers decide.1. Display:- 4/5 (Great display but limited to 60Hz in 2023-24)2. Camera:- 4/5 (Great cameras but no telephoto at this price segment but this time Apple really nailed it with the 15 series 24mp shots are very sharp and detailed)3. Performance:- 5/5 (One of the fastest SOC available right now)4. Battery:- 3/5 (Average battery life also charger not included in the box and still charges slowly with the 20w bric...,writing this review after extensive usage hope it helps interested buyers decide display great display but limited to hz in camera great cameras but no telephoto at this price segment but this time apple really nailed it with the series mp shots are very sharp and detailed performance one of the fastest soc available right now battery average battery life also charger not included in the box and still charges slowly with the w bric,0.2043154761904762,Positive,496
Ajmir Hossain,5.0,I have been using this phone since two months.And this phone is amazing.Camera- 10/10Display- 10/10Performance- 10/10Battery- 9.5/10,i have been using this phone since two monthsand this phone is amazingcamera display performance battery,0.0,Negative,132
Nilesh  Yadav,5.0,Best in class..! Superb camera and performance. Fine grip.,best in class superb camera and performance fine grip,0.8055555555555555,Positive,58
jithu reddy,5.0,Performance super,performance super,0.3333333333333333,Positive,17
Urgain Norzin,5.0,It's amazing nd also the delivery boy was very humble.,its amazing nd also the delivery boy was very humble,0.17000000000000004,Positive,54
Surabhi Das,5.0,Awesome...,awesome,1.0,Positive,10
Flipkart Customer,5.0,Best phone ever,best phone ever,1.0,Positive,15
Nitin Kumar,5.0,Very nice product üëåüëåüëåüëåüëå,very nice product,0.78,Positive,23
Nandita Panchal,5.0,Brilliant ü´∂üèªü§©,brilliant,0.9,Positive,13
Ajay Vishwakarma,5.0,Love the performance üëç,love the performance,0.5,Positive,22
Flipkart Customer,4.0,Mobile battery consumption very fastSo that I charge 3 times to charge in a day,mobile battery consumption very fastso that i charge times to charge in a day,0.2,Positive,79
jeet  sikder,5.0,10/10 I love this  love it very good work,i love this love it very good work,0.6366666666666666,Positive,41
Vanshu  Customer,5.0,"Arrived on launch day and after using it for a day, the iPhone 15 is AMAZING. After almost 5 years it was finally time for me to upgrade from my iPhone XR. Set up was smooth and seamless, especially using iCloud to transfer data over.The display is greatly improved, and it gets a lot brighter which is helpful outdoors. The dynamic island works smoothly even on the standard model's 60Hz screen. This phone's cameras take highly detailed photos even without a dedicated telephoto lens. In terms o...",arrived on launch day and after using it for a day the iphone is amazing after almost years it was finally time for me to upgrade from my iphone xr set up was smooth and seamless especially using icloud to transfer data overthe display is greatly improved and it gets a lot brighter which is helpful outdoors the dynamic island works smoothly even on the standard models hz screen this phones cameras take highly detailed photos even without a dedicated telephoto lens in terms o,0.27,Positive,500
Aniket Zurange,5.0,I order smartphone from Flipkart. This is my 4th phone i order. I have had the best experience every time.,i order smartphone from flipkart this is my th phone i order i have had the best experience every time,1.0,Positive,106
KALPESH SHIRSEKAR,5.0,Coming from iphone 12 mini.Camera is definitely a upgrade over the previous generation.Design outside remains the same. Pastel colours with matte finish.The Dynamic Island is what i liked for the notification part.Processor of previous generation pro models.Overall a value for money among the 15 models.Got it a great deal in flipkart clubbing exchange and bank offers.Delivery was on time.,coming from iphone minicamera is definitely a upgrade over the previous generationdesign outside remains the same pastel colours with matte finishthe dynamic island is what i liked for the notification partprocessor of previous generation pro modelsoverall a value for money among the modelsgot it a great deal in flipkart clubbing exchange and bank offersdelivery was on time,0.13333333333333336,Positive,391
Suraj Mehra,5.0,Nice,nice,0.6,Positive,4
Srasthanibedita  Swain,5.0,Awsm.,awsm,0.0,Negative,5
Nilanjan Pal,5.0,Meet my expectations!,meet my expectations,0.0,Negative,21
Flipkart Customer,5.0,Nice one ü´∂,nice one,0.6,Positive,10
Thilak Kumar,4.0,I upgraded from iPhone 13 to 15 and this phone is awesome worth the money go for it,i upgraded from iphone to and this phone is awesome worth the money go for it,0.65,Positive,83
Flipkart Customer,4.0,After 10 days of use.Camera 10/10Battery 8/10( I am a light user so battery stands more than 20 hrs)Performance 10/10Display 10/10,after days of usecamera battery i am a light user so battery stands more than hrsperformance display,0.45,Positive,130
Jisan Ali Sekh,5.0,Nice product awesome Experience,nice product awesome experience,0.8,Positive,31
Flipkart Customer,5.0,Superb... Shifted from Android to iPhone 15..classsüëç,superb shifted from android to iphone classs,1.0,Positive,52
Ashish  Raj,5.0,Awesome phone ‚ù§Ô∏è,awesome phone,1.0,Positive,16
Ashwani Kumar,5.0,Fantastic ‚ù§Ô∏è,fantastic,0.4,Positive,12
Amitabh Srivastava,5.0,"This is an amazing phone and back side of phone is frozen glass which makes it less prone to finger marks while holding. Till now enjoying it, will update with further details after a week.",this is an amazing phone and back side of phone is frozen glass which makes it less prone to finger marks while holding till now enjoying it will update with further details after a week,0.1866666666666667,Positive,189
K.srinath Sri,5.0,Amazing product‚ù§Ô∏è‚ù§Ô∏èBest iPhone out of all the iPhone series,amazing productbest iphone out of all the iphone series,0.6000000000000001,Positive,59
K Deepak,5.0,Awesome product,awesome product,1.0,Positive,15
Sachinaaaa,5.0,A fantastic product.I was an iPhone 13 user I have upgraded to this. Brilliant display. I can see a great difference in battery backup. I can also say that the Dynamic Island helps in UI to the users. Looks premium. Price range might drop in a year.Thanks for Flipkart sale days.,a fantastic producti was an iphone user i have upgraded to this brilliant display i can see a great difference in battery backup i can also say that the dynamic island helps in ui to the users looks premium price range might drop in a yearthanks for flipkart sale days,0.525,Positive,279
Ijas S,5.0,"I was looking for a compact phone as daily driver which has a good camera, performance, stability and especially display.. I was hesitant to move from Android to an IOS but yeah I won't regret.. I loved the camera, Loved the display, phone is handy, can use it in one hand, clean software (ofcourse). I love how Apple has given importance to the privacy and security of the user and their devices too. Have been using it regularly with a 6-9 hours of screentime and the battery lasts for more than...",i was looking for a compact phone as daily driver which has a good camera performance stability and especially display i was hesitant to move from android to an ios but yeah i wont regret i loved the camera loved the display phone is handy can use it in one hand clean software ofcourse i love how apple has given importance to the privacy and security of the user and their devices too have been using it regularly with a hours of screentime and the battery lasts for more than,0.4066666666666666,Positive,500
KaryD,5.0,Awestruck by its performance üëå,awestruck by its performance,0.0,Negative,30
Dhanyasri Kannan,5.0,I am sharing my review after using this mobile for 1 week.. really awesome and easy to use.. I like this mobile very much the only drawback is battery life,i am sharing my review after using this mobile for week really awesome and easy to use i like this mobile very much the only drawback is battery life,0.42333333333333334,Positive,155
Dharam Pal Singh,4.0,Nice phone better then I phone 13,nice phone better then i phone,0.55,Positive,33
Dhruv M Golwala,5.0,"Awesome experience entering the apple ecosystem, below are some of the pros and consPros~2) camera is awesome and clicks good photos even in daylight and night3) size is perfect and easy to handle4) Apple ecosystem is the best5) battery charging rate is good and not too slow, and battery backup is also lasting 1 day for a normal usage.6) Dynamic Island is the best upgrade from 14.7) texture and phone build quality has improved a lotCons~1) sometimes phone gets heated but that is ma...",awesome experience entering the apple ecosystem below are some of the pros and conspros camera is awesome and clicks good photos even in daylight and night size is perfect and easy to handle apple ecosystem is the best battery charging rate is good and not too slow and battery backup is also lasting day for a normal usage dynamic island is the best upgrade from texture and phone build quality has improved a lotcons sometimes phone gets heated but that is ma,0.5569444444444446,Positive,489
Vipul  Kumar singh,5.0,Awesome quality,awesome quality,1.0,Positive,15
Raghupathireddy Paindla,5.0,Very good. Happy with the product. Camera quality and performance is amazing.,very good happy with the product camera quality and performance is amazing,0.77,Positive,77
mohit raj,4.0,"I have been an Android phone user since  ever, until now.The matte frosting on the back is marvelous and doesn't attract fingerprints or smudges.I love the form factor as it's one hand friendly.For better gaming experience users should opt for the plus size.The screen is great with excellent outdoor visibility. The battery life is crazy good especially the standby time. Barely sips anything overnight. I am using an Android fast charger to charge this and the charging time is decent, no is...",i have been an android phone user since ever until nowthe matte frosting on the back is marvelous and doesnt attract fingerprints or smudgesi love the form factor as its one hand friendlyfor better gaming experience users should opt for the plus sizethe screen is great with excellent outdoor visibility the battery life is crazy good especially the standby time barely sips anything overnight i am using an android fast charger to charge this and the charging time is decent no is,0.3597222222222222,Positive,496
Arun Babu,5.0,One year use 90% battery ü™´ health decreased.iam never üëé updating software upgrades sound quality the best ever camera üì∑  outdoor camera quality bestIndoor full darkness handling very well nice weight management,one year use battery health decreasediam never updating software upgrades sound quality the best ever camera outdoor camera quality bestindoor full darkness handling very well nice weight management,0.51,Positive,210
Munish  Choudhary,5.0,Camera is good,camera is good,0.7,Positive,14
Baban Dey,5.0,"Great product,must buy if you are iPhone lovers",great productmust buy if you are iphone lovers,0.8,Positive,47
Flipkart Customer,5.0,Goood phone,goood phone,0.0,Negative,11
shanavas vn,5.0,SUPER12 MINI TO 15 üòçüòçüòç,super mini to,0.3333333333333333,Positive,22
Mohammad Amir,3.0,Design and performance is good. But somehow I felt the quality and standard is not the same as it used to be. It does heat up while charging and prolonged usage. This is unexpected and unacceptable. Also there are connectivity issues with Apple CarPlay.,design and performance is good but somehow i felt the quality and standard is not the same as it used to be it does heat up while charging and prolonged usage this is unexpected and unacceptable also there are connectivity issues with apple carplay,0.19999999999999998,Positive,253
Dr Babu  Mandal,5.0,Marvellous camera. Light weight. Perfect handy.Used every pro version before 15.But trust me . I personally feel this 15 is at par with its pro version camera .,marvellous camera light weight perfect handyused every pro version before but trust me i personally feel this is at par with its pro version camera,0.4666666666666666,Positive,160
Utpal  Mondal,5.0,This is undoubtedly the best in the market! Feels premium and also the performance is at par excellence! A beast in terms of camera quality and battery backup!,this is undoubtedly the best in the market feels premium and also the performance is at par excellence a beast in terms of camera quality and battery backup,1.0,Positive,159
Mohd Siddique,5.0,The colour blue is so good and the battery life is so long as compared to 14 the camera is much better than 14series best phone I experienced very good,the colour blue is so good and the battery life is so long as compared to the camera is much better than series best phone i experienced very good,0.5514285714285715,Positive,151
Shrikant Panigrahi,5.0,Black one is classy. Photos are much better than 13,black one is classy photos are much better than,0.14444444444444446,Positive,51
Anurag Kumar,5.0,Awesome look and feel,awesome look and feel,1.0,Positive,21
Flipkart Customer,5.0,I bought at 53k for my Father.. He really liked the phone. Best phone at this price range.Camera : 5/5Display : 5/5Battery : 4/5Performance : 5/5Only cons is that it still comes with 60Hz display and battery does not last long.,i bought at k for my father he really liked the phone best phone at this price rangecamera display battery performance only cons is that it still comes with hz display and battery does not last long,0.31,Positive,227
Amaresh Panda,5.0,Overall good experience first time with flipkart from buying till delivery. Battery 4.5 and colour wise 4.5 rest all 5 out 5.,overall good experience first time with flipkart from buying till delivery battery and colour wise rest all out,0.4125,Positive,125
A L Naveen Kumar,,"Phone is heating up too much, even after multiple software upgrades, not suggest to buy, please ignore",phone is heating up too much even after multiple software upgrades not suggest to buy please ignore,0.1,Positive,102
Vikash Kumar,4.0,Just luking like a aww,just luking like a aww,0.3,Positive,22
Mithilesh Kumar  Sharma,5.0,Kidney to gyaOne kidney for i phoneAnd one for i phone accessories,kidney to gyaone kidney for i phoneand one for i phone accessories,0.0,Negative,66
ALIM  Khan,5.0,Good over,good over,0.7,Positive,9
Rajiv Bhardwaj,4.0,Bought 2 of them In diwali sale for 58k each.Camera is great. A very good display and performance is good as well. But battery drains very fast and heating issue is there sometimes otherwise it's a great deal,bought of them in diwali sale for k eachcamera is great a very good display and performance is good as well but battery drains very fast and heating issue is there sometimes otherwise its a great deal,0.694,Positive,208
Ravi Gangrale,5.0,Great camera quality üòçüòç,great camera quality,0.8,Positive,23
Prasanth Rajendran,5.0,Handy,handy,0.6,Positive,5
Leo Jonas Doyom,5.0,Great deviceThe 60hz is not a big deal like the influencers says that it is.,great devicethe hz is not a big deal like the influencers says that it is,0.4,Positive,76
Flipkart Customer,5.0,Good,good,0.7,Positive,4
Rohit Semwal,5.0,You have to charge it 3 times atleast if you use it as a primary phoneOtherwise the phone is yoo,you have to charge it times atleast if you use it as a primary phoneotherwise the phone is yoo,0.4,Positive,96
Ogam  Tayeng,3.0,"After 4+ months.Cons:1. Still heats eats up a lot!!!2. Wifi connection is very poor in this model, it fails to connect most of the time automatically where I manually need to search and join the wifi and then again it automatically disconnects. I have an iPad air which works fine, maybe it's a range issue.3. My keyboard switches automatically from Microsoft SwiftKey to stock ios keyboard. Idk what's the issue??4. Need to switch to airplane mode after going out from the wifi range otherwi...",after monthscons still heats eats up a lot wifi connection is very poor in this model it fails to connect most of the time automatically where i manually need to search and join the wifi and then again it automatically disconnects i have an ipad air which works fine maybe its a range issue my keyboard switches automatically from microsoft swiftkey to stock ios keyboard idk whats the issue need to switch to airplane mode after going out from the wifi range otherwi,-0.025833333333333333,Negative,495
Flipkart Customer,5.0,superb phone,superb phone,1.0,Positive,12
ATHAR  faisal,3.0,"To,Dear Flipkart Team, I hope this email finds you well. I am writing to bring to your attention an issue I encountered during my recent access to Urly on 25th September 2024 through my Plus membership. On the night of 25th September, I eagerly awaited the bigbillion sale and placed an order for an iPhone 15 using my HDFC credit card. However, despite multiple attempts, the order did not go through. I eventually made the full payment via Google Pay, but noticed discrepancies in the amount ch...",todear flipkart team i hope this email finds you well i am writing to bring to your attention an issue i encountered during my recent access to urly on th september through my plus membership on the night of th september i eagerly awaited the bigbillion sale and placed an order for an iphone using my hdfc credit card however despite multiple attempts the order did not go through i eventually made the full payment via google pay but noticed discrepancies in the amount ch,0.11666666666666665,Positive,499
Charan,3.0,Mobile heats a lot and battery drain fast,mobile heats a lot and battery drain fast,0.2,Positive,41
Vicky  Rathore,5.0,Great purchase and fantastic design and camera. Battery could be better but overall good Phone.,great purchase and fantastic design and camera battery could be better but overall good phone,0.4800000000000001,Positive,95
Abhishek Prajapati,5.0,"All is well, but battery health is draining very fast.",all is well but battery health is draining very fast,0.26,Positive,54
Aravind Ponugoti,5.0,"Perfect upgrade from 13.. An incredible device that delivers everything I could want. The design is sleek and lightweight, with the new Dynamic Island feature. The camera is a standout, photos and videos look professional with excellent low-light performance and vibrant colors.The A16 Bionic chip ensures lightning-fast performance, whether I'm gaming, editing videos, or running multiple apps. Battery life is also impressive, easily lasting a full day with moderate use.",perfect upgrade from an incredible device that delivers everything i could want the design is sleek and lightweight with the new dynamic island feature the camera is a standout photos and videos look professional with excellent lowlight performance and vibrant colorsthe a bionic chip ensures lightningfast performance whether im gaming editing videos or running multiple apps battery life is also impressive easily lasting a full day with moderate use,0.3877525252525252,Positive,473
Flipkart Customer,5.0,Probably best phone to buy under 53kOverall good balanced phoneBeing a ios device it'll never give you the fun of an Android device. Buy only if you want it for professional reasons,probably best phone to buy under koverall good balanced phonebeing a ios device itll never give you the fun of an android device buy only if you want it for professional reasons,0.42000000000000004,Positive,181
Abi Yuvan,5.0,Battery only drain fastBattery health 98 at two monthBut worth,battery only drain fastbattery health at two monthbut worth,0.15,Positive,62
Adhitya Ramakrishnan,5.0,Everything is awesome! Great phone..,everything is awesome great phone,0.9,Positive,36
Atul kumar Soni,5.0,"This is the first time I've purchased iphone and it's great.Performance, speed and the feature is good and new update of the IOS having great feature and customizations in the UI.",this is the first time ive purchased iphone and its greatperformance speed and the feature is good and new update of the ios having great feature and customizations in the ui,0.4715909090909091,Positive,179
Lokesh  Alawa,5.0,good,good,0.7,Positive,4
Madhan Reddy,5.0,No one can beat iphone camera,no one can beat iphone camera,0.0,Negative,29
R K,5.0,Everything is fine but sometimes it unnecessarily heats up.,everything is fine but sometimes it unnecessarily heats up,0.008333333333333331,Negative,59
Chandan Banerjee,5.0,Good quality,good quality,0.7,Positive,12
Flipkart Customer,5.0,Beast in that price range ‚öúÔ∏èüî•,beast in that price range,0.0,Negative,29
Satendra  Singh,5.0,supper,supper,0.0,Negative,6
Sourajyoti  Malakar,5.0,What to say about iphoneüòÇIf you have money then buy it.,what to say about iphoneif you have money then buy it,0.0,Negative,55
Annu Tiwari,5.0,Nice productI am buy 2nd next year...,nice producti am buy nd next year,0.3,Positive,37
G Suresh,5.0,Already i have used the i phone 7 plus but now Purchase of i phone 15 that feel really happy and smoothness using the phone,already i have used the i phone plus but now purchase of i phone that feel really happy and smoothness using the phone,0.8,Positive,123
Flipkart Customer,5.0,"Initially I missed 120 Hz screen refresh rate after switching from Mi 11x pro to iphone15. It been a month using iPhone 15, accordingly to my experience, unless you want to purchase more apple products like Mac book, apple watch etc. it is not smart decision to buy iphone. But I surely appreciated it's small form factor and less weight. Battery backup is also good.",initially i missed hz screen refresh rate after switching from mi x pro to iphone it been a month using iphone accordingly to my experience unless you want to purchase more apple products like mac book apple watch etc it is not smart decision to buy iphone but i surely appreciated its small form factor and less weight battery backup is also good,0.1251700680272109,Positive,367
Mohd Hasnain,5.0,"Upgraded from iPhone 11, The camera quality is awesomeThe display quality is great and the dynamic island working perfectlyHappy with Apple and Flipkart",upgraded from iphone the camera quality is awesomethe display quality is great and the dynamic island working perfectlyhappy with apple and flipkart,0.4,Positive,152
Deepanjan Bhattacharjee,5.0,Awesome phone phone by apple üçé,awesome phone phone by apple,1.0,Positive,30
Venkat Ramana,5.0,Amazing üòçüòçüòçüòçJust go and buy it blindly if you have enough of money,amazing just go and buy it blindly if you have enough of money,0.03333333333333336,Negative,66
Ashbin paul Paul,4.0,"I bought this in big billion days in Flipkart, overall the pho",i bought this in big billion days in flipkart overall the pho,0.0,Negative,62
Megha bodhan,4.0,‚ò∫Ô∏èAwesome must buy it I m really happy with iPhone 15 ‚ù§Ô∏èüòäü•πüòç,awesome must buy it i m really happy with iphone,0.9,Positive,59
Manoj negi,4.0,"Phone is good but if u already have an iPhone 12,13,14 then it's not worth upgrading, same design and similar performance except dynamic Island which I guarantee you will ever notice or use",phone is good but if u already have an iphone then its not worth upgrading same design and similar performance except dynamic island which i guarantee you will ever notice or use,0.10999999999999999,Positive,189
Aalok Singh,4.0,Much faster and best camera only issue of battery one day easily use after full charge. Design Awesome ü§òüèª‚úåÔ∏è.best color in images and 4K with 60 fps is awesome.,much faster and best camera only issue of battery one day easily use after full charge design awesome best color in images and k with fps is awesome,0.6229166666666667,Positive,159
Shadab Lampsy,4.0,Apple as usual. Eco system is great. Rest all are average for the price but I paid for the ecosystem,apple as usual eco system is great rest all are average for the price but i paid for the ecosystem,0.13333333333333333,Positive,100
Praveen sarwa,4.0,Product is good. But worst delivery experience,product is good but worst delivery experience,-0.15000000000000002,Negative,46
Girish Pal,5.0,Everything is fine but it's heating while using phone ü•≤,everything is fine but its heating while using phone,0.4166666666666667,Positive,55
ANAMIKA pandey,,It's battery is not as mentioned.Camera quality is good but sometime it doesn't even work and gives blur picture.,its battery is not as mentionedcamera quality is good but sometime it doesnt even work and gives blur picture,0.7,Positive,113
anujyadav anuj,5.0,Very good product,very good product,0.9099999999999999,Positive,17
Pentakota Pavan,5.0,Everything is good. Battery backup is hardly 6hrs will come while continuously usage. Camera is fantastic. In this iphone 60 hz refreshing rate is equals to 120hz refresh rate in android. Very light weight.,everything is good battery backup is hardly hrs will come while continuously usage camera is fantastic in this iphone hz refreshing rate is equals to hz refresh rate in android very light weight,0.3656666666666667,Positive,206
Tekchand Biswal,5.0,Nice product. The look of the phone is awesome üëå. Great to have the iphone black color.,nice product the look of the phone is awesome great to have the iphone black color,0.5583333333333335,Positive,87
Flipkart Customer,3.0,Camera very hard but phone heating üòíüòí,camera very hard but phone heating,-0.3791666666666667,Negative,37
R H,,Battery backup is not at all good,battery backup is not at all good,0.7,Positive,33
Abhinav Singh negi,5.0,Nice phone,nice phone,0.6,Positive,10
Flipkart Customer,5.0,Awesome picture qualityLoved itüòç,awesome picture qualityloved it,1.0,Positive,32
Ronju miya,5.0,Very genuine product. Camera is outstanding as well as performance,very genuine product camera is outstanding as well as performance,0.51,Positive,66
Jishnu  Samanta,5.0,"I recently purchased the iPhone 15 from Flipkart, and I'm thrilled with my experience. The sleek design and vibrant display are stunning, and the performance is top-notch with its powerful A16 Bionic chip. The camera quality is exceptional, capturing detailed and vivid photos even in low light. Battery life has been impressive, easily lasting a full day with heavy use. Flipkart's delivery was prompt, and the packaging was secure. Overall, I'm extremely satisfied with my purchase and would hig...",i recently purchased the iphone from flipkart and im thrilled with my experience the sleek design and vibrant display are stunning and the performance is topnotch with its powerful a bionic chip the camera quality is exceptional capturing detailed and vivid photos even in low light battery life has been impressive easily lasting a full day with heavy use flipkarts delivery was prompt and the packaging was secure overall im extremely satisfied with my purchase and would hig,0.3063725490196078,Positive,500
Amiya Roy,5.0,"Upgraded from Iphone 11. worth buying it. here are some pros and cons.Pros:1) Smooth, constant software update,2)6 GB RAM,1 day easily sustainable battery life3) extremely helpful if you are in apple ecosystem.4) 48MP camera is really great if we compare  with my I Phone 11's 12 MP .Best video quality.5) don't go for 15 plus or pro model even if you have enough money. but 128 GB base model within 65000 RS and use that extra money to buy MacBook AIR or airpod 3rd GEN.CONS:1) 60HZ disp...",upgraded from iphone worth buying it here are some pros and conspros smooth constant software update gb ram day easily sustainable battery life extremely helpful if you are in apple ecosystem mp camera is really great if we compare with my i phone s mp best video quality dont go for plus or pro model even if you have enough money but gb base model within rs and use that extra money to buy macbook air or airpod rd gencons hz disp,0.20083333333333336,Positive,491
Aryan sharma,5.0,I just upgraded from an old android device to this .. the overall experience is Insane,i just upgraded from an old android device to this the overall experience is insane,-0.3,Negative,86
Ashis Karamakar,5.0,Excellent product,excellent product,1.0,Positive,17
Atul Rasyal,5.0,The product is good.Prize is excessive due to Apple branding only. Battery backup is not up to expectations. Flagship Titanium is lacking in it which is available in pro models only. At this price the screen should have been 6.8 inches at least.,the product is goodprize is excessive due to apple branding only battery backup is not up to expectations flagship titanium is lacking in it which is available in pro models only at this price the screen should have been inches at least,-0.04583333333333333,Negative,245
SUMIT LOHIA,5.0,Click the pic is amazing.,click the pic is amazing,0.6000000000000001,Positive,25
Rahul Banerjee,5.0,Awesome.Camera too goodDisplay too goodBattery GoodFeels too good,awesomecamera too gooddisplay too goodbattery goodfeels too good,0.7,Positive,65
Mahipal Gariya,4.0,"Perfect one to upgradeEdit after 7 months : No diappointments , build quality good as this has undergone few hard falls . Underwater also good . Camera quality is awesome . Battery is always a issue but it is okay for a person uses 5-6 hours daily . Videos are also good in cinematic mode . Good update i bought it at 78k when launched . But Around 65 it is super deal to do at this time .",perfect one to upgradeedit after months no diappointments build quality good as this has undergone few hard falls underwater also good camera quality is awesome battery is always a issue but it is okay for a person uses hours daily videos are also good in cinematic mode good update i bought it at k when launched but around it is super deal to do at this time,0.4284722222222222,Positive,389
Bijoy Chakraborty,5.0,Bumper mobile..,bumper mobile,0.0,Negative,15
Yash,5.0,Black colour is just awesome üî•üî•,black colour is just awesome,0.4166666666666667,Positive,31
MD Arbaaz patel,5.0,"Its first iPhone of my life, excellent performance, camera and display.Battery is good last for 5 hours to 6 house in daily uses.",its first iphone of my life excellent performance camera and displaybattery is good last for hours to house in daily uses,0.39,Positive,129
Zubair Khan,5.0,I am very happy with the sevice of Flipkart and  product was very good.thanks Flipkart,i am very happy with the sevice of flipkart and product was very goodthanks flipkart,0.6,Positive,86
Rishi Raj,5.0,All and all a beast!!!üî•üíØThe only thing which can be improved is battery üòï,all and all a beastthe only thing which can be improved is battery,0.0,Negative,73
Teddy Bear,5.0,Recently bought this phone and realized why Apple make the best phones in the world.One of the most beautiful purchase I ever made üíô,recently bought this phone and realized why apple make the best phones in the worldone of the most beautiful purchase i ever made,0.5875,Positive,132
Deb Neogi,5.0,"At the time of sale it was the best deal for me , intented to buy pixel 8 but went for iphone 15 was really worth it . Performance user experience camera design is undoubtedly excellent the only drawback is the battery life , which sustains for only 6 7 hours and in daily life have to charge 2 times . As a flagship phone it could be a better but noting is perfect, without the battery issue in every aspect it is value for money.",at the time of sale it was the best deal for me intented to buy pixel but went for iphone was really worth it performance user experience camera design is undoubtedly excellent the only drawback is the battery life which sustains for only hours and in daily life have to charge times as a flagship phone it could be a better but noting is perfect without the battery issue in every aspect it is value for money,0.475,Positive,431
Flipkart Customer,5.0,"In 51500, it's the best option",in its the best option,1.0,Positive,30
Prajwal Suryan,5.0,"Awesome phone, camera‚úÖ, build‚úÖ, battery lasts 1 day easily‚úÖ, overall met my expectationsüòä",awesome phone camera build battery lasts day easily overall met my expectations,0.5,Positive,89
John Fanai,5.0,"Awesome ü´∞As a first time ios user, I literally think it's one of the best deal!Nonetheless as Android-flagship becoming more expensive these days, still ios doesn't match the fluidity provided by Android. One very promising I've seen so far using iPhone is that battery last longer than i expected with high security. It's like pay per view authenticity one can appreciate using iPhone. If you can match the trend set in ios you may go for it but if you don't stick with your android. People m...",awesome as a first time ios user i literally think its one of the best dealnonetheless as androidflagship becoming more expensive these days still ios doesnt match the fluidity provided by android one very promising ive seen so far using iphone is that battery last longer than i expected with high security its like pay per view authenticity one can appreciate using iphone if you can match the trend set in ios you may go for it but if you dont stick with your android people m,0.28363636363636363,Positive,496
Flipkart Customer,5.0,Phone is good but during video shooting in summer phone is heated too much,phone is good but during video shooting in summer phone is heated too much,0.44999999999999996,Positive,74
Ranjith kumar,5.0,"Bought 256gb green variant üòç,new to iosIOS is very fluid and smoothDesign is awesome, i took green its looking better in hand than other colours and dynmaic island adds to it.No heatings issuesPerfromance is goodCharges faster than pixelCamera and Video recording is very goodComing from pixel 7a where pixel is one of worst device out there having bad charging, worst battery backup even heats up in normal usage in our country.",bought gb green variant new to iosios is very fluid and smoothdesign is awesome i took green its looking better in hand than other colours and dynmaic island adds to itno heatings issuesperfromance is goodcharges faster than pixelcamera and video recording is very goodcoming from pixel a where pixel is one of worst device out there having bad charging worst battery backup even heats up in normal usage in our country,-0.10321969696969698,Negative,429
Rahul Yadav,5.0,Good üëç,good,0.7,Positive,6
Diwakar Mahato,5.0,This is my first iPhone. Experience is very good as of now. For me I have to work with excel and word most of the time and there is no MS office because iPhone has its own version of Office which is a bit different.Camera and battery both are good. Look is so premium.,this is my first iphone experience is very good as of now for me i have to work with excel and word most of the time and there is no ms office because iphone has its own version of office which is a bit differentcamera and battery both are good look is so premium,0.592,Positive,268
Tushar Sankhe,5.0,The person to whom it's gifted says that everything is  great. Hope it was a little cheaper and more affordable.,the person to whom its gifted says that everything is great hope it was a little cheaper and more affordable,0.403125,Positive,112
Abhishek Bhatia,5.0,I love the product üòç and the delivery person also and adding camera photos,i love the product and the delivery person also and adding camera photos,0.5,Positive,74
Flipkart Customer,5.0,Just go for it ü´†,just go for it,0.0,Negative,16
Rohan singh rajput,5.0,Camera and display both are good üòç,camera and display both are good,0.7,Positive,34
Golam Masud,5.0,iPhone 13 update to iPhone 15,iphone update to iphone,0.0,Negative,29
Pravin Darekar,5.0,Except screen refresh rate everything is good.,except screen refresh rate everything is good,0.7,Positive,46
Battula Asha,5.0,Amazing üëå,amazing,0.6000000000000001,Positive,9
Flipkart Customer,4.0,Good product Ôøº,good product,0.7,Positive,14
Piyush Jaiswal,5.0,Best I phone 15,best i phone,1.0,Positive,15
Sakshi Patil,5.0,"Iphone 15 is best ever and it's appearance,keypad is so good I like it much!!As we see in online photos back CLR was  dark but after you handled it it's in the light green colour nd I love that colour.",iphone is best ever and its appearancekeypad is so good i like it muchas we see in online photos back clr was dark but after you handled it its in the light green colour nd i love that colour,0.32142857142857145,Positive,201
Suman Lama,5.0,Very nice phone the camera was too good I luv it,very nice phone the camera was too good i luv it,0.74,Positive,48
Abhi Srivastava,5.0,Fast Reliable Beautiful,fast reliable beautiful,0.525,Positive,23
Mayur Mahajan,5.0,It's good to be transfer iphone 11 to 15 and best experience ever.,its good to be transfer iphone to and best experience ever,0.85,Positive,66
raj  khan,5.0,Fabulous!!!,fabulous,0.4,Positive,11
Navin Srivastava,5.0,Camera is a major upgrade over previous models. If you have 12 or older you can upgrade to 15 without thinking,camera is a major upgrade over previous models if you have or older you can upgrade to without thinking,0.020833333333333332,Negative,110
Ajay G,5.0,"Back to iPhone family from android, best upgrade phone. Fully satisfied with the design and the performance. Minimum 10hrs of battery on single charge (12hrs in low power mode). No lags and even it charges very fast up to 80% which is decent.",back to iphone family from android best upgrade phone fully satisfied with the design and the performance minimum hrs of battery on single charge hrs in low power mode no lags and even it charges very fast up to which is decent,0.2650340136054422,Positive,242
Sagar Dhiryan,5.0,"Great phone , worth the money",great phone worth the money,0.55,Positive,29
Rohit Kumar Mishra,5.0,Nice iPhone,nice iphone,0.6,Positive,11
Harit Madan,4.0,Battery Health Dropped to 85% in 6 months. Rest everything is ok.,battery health dropped to in months rest everything is ok,0.5,Positive,65
Zeyarul Sk,4.0,"The phone is pretty good in terms of camera.  However, those who have used 120hz premium display phones will find the display experience to be bad.",the phone is pretty good in terms of camera however those who have used hz premium display phones will find the display experience to be bad,0.08333333333333337,Negative,147
Rahul P,4.0,Best in the budget,best in the budget,1.0,Positive,18
Flipkart Customer,5.0,Product is good as you all know its iphone,product is good as you all know its iphone,0.7,Positive,42
Shikha Srivastava,4.0,Awesome pics by iphone 15. Love itüòçüòç,awesome pics by iphone love it,0.75,Positive,36
Vinayraje Urs,4.0,Heating issue but overall good phone,heating issue but overall good phone,0.35,Positive,36
Narasmhamvenkata Bikkavilli,4.0,Overall good,overall good,0.35,Positive,12
ANUBHAV  CHAUHAN,4.0,Nice product but the heating issue n battery can be improved,nice product but the heating issue n battery can be improved,0.6,Positive,60
Amardeep Raghwani,5.0,Awesome phone üì±,awesome phone,1.0,Positive,15
Harpreet Singh,5.0,v v good,v v good,0.7,Positive,8
Mayank Varshney,5.0,"Nice camera first of all then battery is also very decent although the Mah is low but the optimisation of phone is very good with the battery so handy and classy ,also the calling quality and speakers are too good.",nice camera first of all then battery is also very decent although the mah is low but the optimisation of phone is very good with the battery so handy and classy also the calling quality and speakers are too good,0.42208333333333337,Positive,214
Shekar Dhongdi,5.0,"Thanks flipkart for the on time delivery. About the product it's a minor upgrade from 13 and 14... except dynamic island and 48mp camera, of course not to forget 4nm A16 chipset which is a plus",thanks flipkart for the on time delivery about the product its a minor upgrade from and except dynamic island and mp camera of course not to forget nm a chipset which is a plus,0.05000000000000001,Negative,193
Soumen Biswas,5.0,Awesome ü•∞,awesome,1.0,Positive,9
Dulamani Pranaya  Patel,5.0,"I'm very excited to this, Apple iPhone 15And this is my first Apple devices!Value for money ‚úîÔ∏èTQ so much for your valuable cooperation FlipkartDelivery within 24 hrs only",im very excited to this apple iphone and this is my first apple devicesvalue for money tq so much for your valuable cooperation flipkartdelivery within hrs only,0.234375,Positive,170
Sidhart Lal,5.0,Exclusive product from Apple. Thanks To Flipkart for fast delivery,exclusive product from apple thanks to flipkart for fast delivery,0.2,Positive,66
Pawan Kumar,5.0,"I am happy with this iphone 15. Battery,Display are best and camera also",i am happy with this iphone batterydisplay are best and camera also,0.9,Positive,72
Sreenivas Vadde,5.0,My dream comes true,my dream comes true,0.35,Positive,19
Raj Vk,5.0,Superb,superb,1.0,Positive,6
Rohith cherry Reddy,5.0,Good and super performance loved it but not happy with the delivery its been late for 2days rest all went good n awesome product,good and super performance loved it but not happy with the delivery its been late for days rest all went good n awesome product,0.3904761904761904,Positive,128
Vivek Rawat,5.0,Smooth üî•,smooth,0.4,Positive,8
Flipkart Customer,4.0,"As always, Apple doing its job perfectly! Superb Phone!",as always apple doing its job perfectly superb phone,1.0,Positive,55
Hitesh  Mahajan,5.0,"Overall: The iPhone 15 is a fantastic phone for everyday use, it offers a compelling blend of performance, camera prowess (no doubt the best camera), and battery life (as per my use it is easily lasting 1 full day). However, the lack of a high refresh rate display and the underwhelming charging speed hold it back from being truly exceptional.Pros:Superb Cameras: The 48MP main sensor captures stunning photos with excellent detail and dynamic range. Low-light performance is also impressive. ...",overall the iphone is a fantastic phone for everyday use it offers a compelling blend of performance camera prowess no doubt the best camera and battery life as per my use it is easily lasting full day however the lack of a high refresh rate display and the underwhelming charging speed hold it back from being truly exceptionalprossuperb cameras the mp main sensor captures stunning photos with excellent detail and dynamic range lowlight performance is also impressive,0.3184444444444445,Positive,497
Shasi Krishna,5.0,Superb Performance ‚ú®,superb performance,1.0,Positive,20
Vikas Rana,4.0,Okay,okay,0.5,Positive,4
Shiraz Lone,4.0,"Pros: The phone is excellent in Performance, design, Camera, Battery.  Amazing phoneCones:  The only thing which should have been given is fast charging",pros the phone is excellent in performance design camera battery amazing phonecones the only thing which should have been given is fast charging,0.45,Positive,152
Madan Raj,3.0,Selfie camera worstNot statisfied,selfie camera worstnot statisfied,0.0,Negative,33
Pritesh Saha,3.0,"It ticks all the basic boxes well as expected. But had a lot of expectations from the camera as it was one of the primary reasons for buying iPhone. I can tell you - just go with a Samsung if you want to click photos without thinking too much.The iPhone's camera is not good for Indian human subjects with darker skin tones. It over-processes the image way too much and makes you look much darker than you are. Not just human subjects, it overprocesses everything. The final image looks very dif...",it ticks all the basic boxes well as expected but had a lot of expectations from the camera as it was one of the primary reasons for buying iphone i can tell you just go with a samsung if you want to click photos without thinking too muchthe iphones camera is not good for indian human subjects with darker skin tones it overprocesses the image way too much and makes you look much darker than you are not just human subjects it overprocesses everything the final image looks very dif,0.05500000000000001,Negative,498
Priyanshu  Pandey,4.0,"Pros:Battery LifeThermal managementBody designRAM ManagementCons:iOS - Unpractical, too buggy and least automated",prosbattery lifethermal managementbody designram managementconsios unpractical too buggy and least automated,-0.3,Negative,113
TAHA Khan,5.0,The divice is very heating problem,the divice is very heating problem,0.2,Positive,34
Bharat Aneja,4.0,"iPhone 15 is good, picture quality are also good but phone is heat up",iphone is good picture quality are also good but phone is heat up,0.7,Positive,69
Kotha Parameshwar  Reddy,5.0,Very smooth and nice Phone and thanks to flipkart,very smooth and nice phone and thanks to flipkart,0.44,Positive,49
Abhishek patel,5.0,"I bought this iphone 15 in bbd sale 2024Camera - 5/5Battery - Better then other iphones 5/5Display - AwesomePerformance - A little performance drop when used in sunlight but otherwise performs wellOverall - It is a all rounder phone for gaming, camera, battery, looks and allBest part - It works seamlessly in my apply ecosystem with my mac and ipadThanks to apple and flipkart",i bought this iphone in bbd sale camera battery better then other iphones display awesomeperformance a little performance drop when used in sunlight but otherwise performs welloverall it is a all rounder phone for gaming camera battery looks and allbest part it works seamlessly in my apply ecosystem with my mac and ipadthanks to apple and flipkart,0.071875,Negative,377
Hari Krishnan,4.0,Timely fast delivery by flipcart.Product wise it was just superb ... new design with matt finish and the camaras are just outstanding .,timely fast delivery by flipcartproduct wise it was just superb new design with matt finish and the camaras are just outstanding,0.5072727272727272,Positive,135
Goni  Tomar,,So much heating issue  so much means so much,so much heating issue so much means so much,0.20000000000000004,Positive,44
Tarif Hussain,5.0,"Iphone tremendous perfonce, lovely design..... The Best phone‚ù§Ô∏è",iphone tremendous perfonce lovely design the best phone,0.611111111111111,Positive,63
Sujan  Roy,5.0,"Good Phone, Nice Design. Love this Phone .",good phone nice design love this phone,0.6,Positive,42
Jeffin Jacob Paul,5.0,"The best iphone to buy right now. Chose the 512 gb variant. It has type c, great battery life and overall great size as well. Thought of getting the plus but it was too big. But that does have good battery life. But this one has a great battery life even with a small battery. Also no words to say about camera and performance. Great absolutely beautiful. I went for the 512 gb storage because this uses more space for photos with the new 48 mp camera. Iphone should really make the base variant a...",the best iphone to buy right now chose the gb variant it has type c great battery life and overall great size as well thought of getting the plus but it was too big but that does have good battery life but this one has a great battery life even with a small battery also no words to say about camera and performance great absolutely beautiful i went for the gb storage because this uses more space for photos with the new mp camera iphone should really make the base variant a,0.3881385281385281,Positive,500
Rechal Clinton Lal,5.0,Amazing product I have upgrade from iPhone 12 to iPhone 15 and it is just incredible. Battery performance also improved a lot .. ü§©,amazing product i have upgrade from iphone to iphone and it is just incredible battery performance also improved a lot,0.75,Positive,130
Ibnemasud  Dabu,5.0,I am so happy üëåüëåüëåüëåüëåüëåüëåüëå,i am so happy,0.8,Positive,22
AMRESH KANUJIA,4.0,Over-all best in phone,overall best in phone,0.5,Positive,22
Amit  Jain,5.0,"Best phone ever, Excellent Camera Quality, Everything is Perfect",best phone ever excellent camera quality everything is perfect,1.0,Positive,64
Adhishwar Mishra,5.0,Camera 5/5Display 5/5Battery 4/5Design 5/5Totally happy ‚ù§Ô∏è,camera display battery design totally happy,0.8,Positive,58
Devendra Singh,5.0,TRUE AND REAL PRODUCT I GOT FROM FLIPKARTTHANKS FLIPKART.,true and real product i got from flipkartthanks flipkart,0.275,Positive,57
Rajesh Kumar,5.0,Simply AWESOME üòç,simply awesome,1.0,Positive,16
Srinivas Kannan,5.0,"Undoubtedly, best phone for the next few years to come !!Flipkart has given the best buyback price so far for me on whatever iPhones I have purchased.",undoubtedly best phone for the next few years to come flipkart has given the best buyback price so far for me on whatever iphones i have purchased,0.38,Positive,150
Bharat Raj Rohidas,5.0,Awesome camera,awesome camera,1.0,Positive,14
Narayan  Sharma,3.0,Heating issue,heating issue,0.0,Negative,13
Nitheesh  P N,5.0,Superb.....,superb,1.0,Positive,11
Ashok kumar,5.0,Great phone but still missing 90hz refresh rate display!,great phone but still missing hz refresh rate display,0.30000000000000004,Positive,56
Gopa B,5.0,Camera quality is very good,camera quality is very good,0.9099999999999999,Positive,27
Flipkart Customer,5.0,"Nyz phone ,Good battery backup.Overall value for moneyüôå.",nyz phone good battery backupoverall value for money,0.7,Positive,56
sufiyan kansara,5.0,Love to use iphone. Excellent product,love to use iphone excellent product,0.75,Positive,37
